pattern,quality,seed,completed,t_detect,t_reach,t_mission,t_reform,orbit_dist,in_view,track_err,min_sep,broke_dsafe,filter_active,effort,farthest
straight,clean,0,1.0000,2.0000,0.0200,28.9600,6.1600,0.4234,1.0000,0.0169,0.8038,0.0000,0.1607,15.1424,1.7585
straight,clean,1,1.0000,0.4000,7.1600,25.0400,5.0200,0.3542,1.0000,0.0184,0.8436,0.0000,0.1044,27.2927,2.0194
straight,clean,2,1.0000,2.0000,0.0000,17.3000,5.1400,0.3831,1.0000,0.0159,0.8355,0.0000,0.0500,11.5041,1.5740
straight,clean,3,1.0000,3.2000,0.0000,26.7800,6.1600,0.6125,0.4887,0.0224,0.8210,0.0000,0.1467,14.4389,1.7869
straight,clean,4,1.0000,1.9000,0.0000,19.5600,6.6400,0.4840,0.7896,0.0194,0.8572,0.0000,0.0724,10.9663,1.6311
straight,clean,5,1.0000,2.8000,0.5800,13.5400,5.0800,1.3683,0.3932,0.1315,0.8493,0.0000,0.0813,10.7619,1.6992
straight,clean,6,1.0000,2.0000,0.3200,20.1400,5.0600,0.4660,0.8615,0.0156,0.8110,0.0000,0.0364,8.9365,1.5605
straight,clean,7,1.0000,2.0000,2.1000,25.3200,6.1400,0.8556,0.4527,0.0288,0.8093,0.0000,0.1687,12.2100,2.0392
straight,clean,8,1.0000,2.0000,0.0000,23.5800,6.6400,0.4121,1.0000,0.0178,0.8461,0.0000,0.1287,14.4425,1.6578
straight,clean,9,1.0000,1.0000,0.0000,22.8200,6.6400,0.5052,0.7470,0.0181,0.8006,0.0000,0.1227,11.4225,1.5538
straight,clean,10,1.0000,2.2000,2.2200,21.3400,5.0400,0.8087,0.4341,0.0259,0.9428,0.0000,0.0582,18.2304,1.7336
straight,clean,11,1.0000,2.2000,0.1400,20.8400,6.6400,0.4396,0.8642,0.0150,0.8189,0.0000,0.1473,16.5432,1.6809
straight,clean,12,1.0000,2.4000,0.3600,15.4000,6.3600,0.3712,1.0000,0.0163,0.7942,0.0000,0.0629,13.4714,1.4191
straight,clean,13,1.0000,2.0000,1.1600,44.0200,6.1600,0.4110,1.0000,0.0171,0.7975,0.0000,0.3689,14.9038,1.8861
straight,clean,14,1.0000,2.0000,4.5400,33.5600,6.1600,0.4935,0.7124,0.0340,0.8270,0.0000,0.2080,19.1404,1.8818
straight,clean,15,1.0000,2.2000,0.6000,22.4000,6.1600,1.1359,0.5148,0.0415,0.8347,0.0000,0.1496,3.7530,1.7375
straight,clean,16,1.0000,2.0000,0.0000,15.4000,5.0200,0.7121,0.3995,0.0308,0.7427,0.0000,0.1184,14.2162,1.7123
straight,clean,17,1.0000,2.0000,0.8800,18.3200,5.2800,0.4531,0.8109,0.0172,0.8302,0.0000,0.0473,11.3671,1.4166
straight,clean,18,1.0000,2.0000,0.0000,19.2000,5.0400,0.4131,0.9707,0.0184,0.8088,0.0000,0.0407,11.2410,1.5942
straight,clean,19,1.0000,2.2000,0.5600,20.3200,5.0200,0.4925,0.7883,0.0176,0.6226,0.0000,0.0847,8.8724,1.6917
straight,clean,20,1.0000,12.1000,1.4800,26.0000,6.1600,0.3916,0.8855,0.0216,0.7677,0.0000,0.2233,23.2884,1.9606
straight,clean,21,1.0000,2.4000,0.8800,15.7800,5.1200,1.2353,0.3937,0.0575,0.8391,0.0000,0.0713,12.3647,1.5679
straight,clean,22,1.0000,2.2000,0.0000,24.1600,6.1600,0.6301,0.5526,0.0268,0.8108,0.0000,0.1433,19.4650,2.0989
straight,clean,23,1.0000,2.2000,1.2200,22.0800,6.6400,0.3799,1.0000,0.0155,0.8367,0.0000,0.1807,11.8718,1.7397
straight,clean,24,1.0000,0.9000,0.0000,18.0000,5.2000,0.4922,0.7630,0.0223,0.8323,0.0000,0.0742,12.5454,1.6578
weave,clean,0,1.0000,2.8000,0.0000,15.0400,7.2600,0.5234,0.7816,0.0303,0.8481,0.0000,0.0531,10.7454,1.6162
weave,clean,1,1.0000,0.4000,6.0200,25.3400,5.0400,0.4945,0.8655,0.0308,0.8430,0.0000,0.1420,24.4754,2.0194
weave,clean,2,1.0000,2.3000,0.0000,21.2000,6.4000,0.5072,0.6565,0.0481,0.8405,0.0000,0.1271,12.7553,1.5740
weave,clean,3,1.0000,3.9000,5.9400,25.8600,5.0200,0.7683,0.5766,0.0614,0.8410,0.0000,0.1296,21.4263,2.0588
weave,clean,4,1.0000,1.9000,5.7800,24.9600,5.1200,0.4436,0.8708,0.0304,0.8291,0.0000,0.0673,23.5323,1.7007
weave,clean,5,1.0000,5.4000,4.6000,23.9600,5.0200,0.5348,0.6538,0.0462,0.8521,0.0000,0.0811,20.3835,1.9763
weave,clean,6,1.0000,2.2000,0.0000,16.8800,5.0200,0.3934,1.0000,0.0305,0.8064,0.0000,0.0358,12.6471,1.4691
weave,clean,7,1.0000,5.8000,0.0000,19.8200,5.0400,0.9964,0.1238,0.0599,0.8093,0.0000,0.0858,16.0941,1.6708
weave,clean,8,1.0000,2.5000,0.0000,18.0000,5.3000,0.6293,0.3888,0.0651,0.8478,0.0000,0.0856,12.4734,1.6578
weave,clean,9,1.0000,1.0000,0.0000,16.8800,5.6600,0.6018,0.5340,0.0304,0.8006,0.0000,0.0762,12.7395,1.5538
weave,clean,10,1.0000,3.8000,2.0400,17.0800,6.1800,0.4570,1.0000,0.0316,0.8325,0.0000,0.0773,9.4253,1.7026
weave,clean,11,1.0000,2.4000,0.7000,19.9200,5.0400,0.5496,0.6511,0.0394,0.8355,0.0000,0.0398,20.9822,1.6905
weave,clean,12,1.0000,3.6000,0.0000,16.3400,5.7600,0.5036,0.9720,0.0226,0.8335,0.0000,0.0544,12.4433,1.4051
weave,clean,13,1.0000,3.4000,0.0000,16.8600,5.6400,0.4956,0.7963,0.0453,0.7975,0.0000,0.1053,12.5801,1.7155
weave,clean,14,1.0000,2.2000,0.0000,15.8400,5.0600,0.9430,0.2836,0.0819,0.7438,0.0000,0.1060,17.0478,1.7661
weave,clean,15,1.0000,2.0000,0.0000,17.6400,5.0200,0.9227,0.4754,0.0550,0.8304,0.0000,0.0862,9.9865,1.7071
weave,clean,16,1.0000,1.7000,0.0000,19.9600,5.0200,0.5405,0.6937,0.0349,0.8266,0.0000,0.0560,16.7533,1.6542
weave,clean,17,1.0000,3.0000,0.0000,15.0400,6.3200,0.4242,0.8349,0.0496,0.8410,0.0000,0.0522,10.9566,1.4166
weave,clean,18,1.0000,2.0000,0.0000,19.0000,5.0800,0.5326,0.7190,0.0318,0.8264,0.0000,0.0389,13.8673,1.5942
weave,clean,19,1.0000,2.0000,0.1200,15.1600,5.0400,0.4905,1.0000,0.0313,0.6226,0.0000,0.0507,9.4971,1.3632
weave,clean,20,1.0000,2.2000,0.6600,17.2800,5.3400,0.7750,0.4325,0.2099,0.7677,0.0000,0.1318,11.0233,1.9696
weave,clean,21,1.0000,4.4000,1.1200,16.1600,5.2000,0.4946,0.6818,0.0398,0.8148,0.0000,0.0664,18.2428,2.0823
weave,clean,22,1.0000,4.0000,7.0800,15.4600,5.9200,1.4534,0.2930,0.2139,0.8108,0.0000,0.1324,16.0826,2.0290
weave,clean,23,1.0000,4.0000,0.0000,17.4000,5.4800,0.4283,1.0000,0.0256,0.8513,0.0000,0.0991,11.7575,1.7397
weave,clean,24,1.0000,0.9000,6.1400,21.1800,5.0200,0.4442,1.0000,0.0262,0.8620,0.0000,0.0556,22.3136,2.0709
random_turns,clean,0,1.0000,2.0000,0.0000,18.8400,5.0600,0.8006,0.4434,0.0302,0.8422,0.0000,0.0820,14.3889,1.6162
random_turns,clean,1,1.0000,0.4000,7.1800,27.6600,6.6400,0.3688,1.0000,0.0312,0.8435,0.0000,0.1631,30.9472,2.0538
random_turns,clean,2,1.0000,2.0000,0.0000,21.4000,6.1600,0.4199,0.9294,0.0359,0.8291,0.0000,0.1491,15.5699,1.7353
random_turns,clean,3,1.0000,2.2000,1.2000,19.2600,5.0200,0.4684,1.0000,0.0223,0.8899,0.0000,0.0038,8.4867,1.5728
random_turns,clean,4,1.0000,1.9000,2.4600,31.5400,6.1600,0.5332,0.6218,0.0368,0.8430,0.0000,0.2096,16.3981,2.0109
random_turns,clean,5,1.0000,18.5000,1.2400,22.4200,6.1600,0.3560,0.9521,0.0280,0.8517,0.0000,0.1560,24.4176,2.1303
random_turns,clean,6,1.0000,2.0000,0.2800,18.9000,6.6200,0.6531,0.6431,0.0587,0.8239,0.0000,0.0582,13.5585,1.6293
random_turns,clean,7,1.0000,2.0000,2.1800,23.8800,6.1600,1.0769,0.2663,0.1781,0.8093,0.0000,0.1709,12.7180,1.7254
random_turns,clean,8,1.0000,2.0000,0.0000,25.8400,6.1600,0.6099,0.6032,0.0373,0.8308,0.0000,0.1709,12.7422,2.0481
random_turns,clean,9,1.0000,1.0000,0.0000,5.5800,5.1600,1.2150,0.0534,0.2957,0.8006,0.0000,0.0300,6.5324,1.5538
random_turns,clean,10,1.0000,6.9000,0.0000,15.0400,5.0200,0.4994,0.8575,0.0338,0.8253,0.0000,0.0284,11.9604,1.7026
random_turns,clean,11,1.0000,4.4000,1.1200,19.4400,5.0200,0.8666,0.2583,0.0614,0.8375,0.0000,0.0933,15.6453,2.0509
random_turns,clean,12,1.0000,2.0000,1.2600,19.7200,5.0200,0.4890,0.8628,0.0228,0.8338,0.0000,0.0256,8.7787,1.4696
random_turns,clean,13,1.0000,4.3000,1.9200,19.4800,5.0200,0.3770,1.0000,0.0303,0.7975,0.0000,0.1747,17.3958,1.9337
random_turns,clean,14,1.0000,2.0000,0.2000,19.1200,5.0800,0.8741,0.2170,0.0487,0.8475,0.0000,0.0771,13.2361,1.7497
random_turns,clean,15,1.0000,2.0000,0.4600,18.5400,5.0200,0.5380,0.6405,0.0261,0.8206,0.0000,0.0684,12.3421,1.7255
random_turns,clean,16,1.0000,1.9000,0.0000,17.7200,6.3000,0.5573,0.7870,0.0276,0.8289,0.0000,0.0676,18.5612,1.6542
random_turns,clean,17,1.0000,3.2000,0.0000,19.6800,5.9200,1.0221,0.3049,0.0513,0.8306,0.0000,0.0796,18.3511,2.0723
random_turns,clean,18,1.0000,2.0000,0.0000,18.5400,5.0200,0.5227,0.6804,0.0211,0.7971,0.0000,0.0598,9.4431,1.5942
random_turns,clean,19,1.0000,2.4000,0.6400,17.9600,5.4800,0.4183,1.0000,0.0202,0.6226,0.0000,0.0638,10.3904,1.4266
random_turns,clean,20,1.0000,6.4000,1.1000,17.6400,5.0200,0.4319,0.9148,0.0281,0.7677,0.0000,0.0807,9.2935,1.5967
random_turns,clean,21,1.0000,12.6000,2.3200,19.9600,5.3600,1.0814,0.4621,0.0447,0.8377,0.0000,0.1273,8.8142,1.7364
random_turns,clean,22,1.0000,2.4000,0.0000,20.2600,5.0200,0.5773,0.5526,0.0288,0.8108,0.0000,0.0707,18.8124,1.6511
random_turns,clean,23,1.0000,2.6000,0.6200,18.6800,5.1800,0.6351,0.6591,0.0246,0.8432,0.0000,0.1760,11.8730,1.7397
random_turns,clean,24,1.0000,0.9000,0.0000,21.6400,5.0400,0.4903,0.6977,0.0271,0.8164,0.0000,0.1002,21.7007,1.7339
stop_go,clean,0,1.0000,2.0000,0.0200,17.2800,5.0200,0.3996,1.0000,0.0240,0.8258,0.0000,0.0258,13.9425,1.6162
stop_go,clean,1,1.0000,0.4000,6.2200,21.4800,5.0600,0.4184,0.7803,0.0268,0.8106,0.0000,0.1098,26.8673,2.0194
stop_go,clean,2,1.0000,2.0000,0.0000,18.8400,5.2400,0.4350,0.8748,0.0219,0.8256,0.0000,0.0351,14.2030,1.5740
stop_go,clean,3,1.0000,3.2000,0.0000,15.0400,5.0600,0.5460,0.7270,0.0299,0.8452,0.0000,0.0478,12.4553,1.3920
stop_go,clean,4,1.0000,1.9000,0.0000,16.9000,5.0800,0.5362,0.6698,0.0228,0.8613,0.0000,0.0156,10.6837,1.6311
stop_go,clean,5,1.0000,2.8000,0.5800,16.3200,6.1600,1.6368,0.3839,0.1453,0.8002,0.0000,0.1196,8.8476,1.7361
stop_go,clean,6,1.0000,2.0000,0.3200,15.3600,5.0400,0.4753,0.7683,0.0209,0.8048,0.0000,0.0400,7.8219,1.4691
stop_go,clean,7,1.0000,2.0000,2.1000,21.8800,5.0200,0.6166,0.5313,0.0290,0.8093,0.0000,0.1133,15.8616,1.5999
stop_go,clean,8,1.0000,2.0000,0.0000,15.8200,5.0200,0.4324,0.9707,0.0234,0.8491,0.0000,0.0391,13.2928,1.6578
stop_go,clean,9,1.0000,1.0000,0.0000,16.5000,5.7600,0.5565,0.6125,0.0290,0.8006,0.0000,0.0502,10.4680,1.5538
stop_go,clean,10,1.0000,2.2000,2.2200,20.6200,6.4000,0.6816,0.4900,0.0481,0.8476,0.0000,0.0993,18.4361,1.7411
stop_go,clean,11,1.0000,2.2000,0.1400,18.6000,5.0200,0.4886,0.7656,0.0236,0.8236,0.0000,0.0738,17.7910,1.6809
stop_go,clean,12,1.0000,2.4000,0.3600,19.6200,5.0200,0.4103,0.8895,0.0250,0.8020,0.0000,0.0544,14.9570,1.4191
stop_go,clean,13,1.0000,2.0000,1.1600,19.3400,5.0200,0.3680,1.0000,0.0244,0.7975,0.0000,0.0751,13.7608,1.7155
stop_go,clean,14,1.0000,2.0000,4.6200,28.8400,6.1600,0.5368,0.7164,0.1087,0.8508,0.0000,0.1222,19.0766,2.0220
stop_go,clean,15,1.0000,2.2000,0.6000,15.6400,6.2200,1.2430,0.4141,0.0984,0.8562,0.0000,0.1242,4.3734,1.7071
stop_go,clean,16,1.0000,2.0000,0.0000,15.0400,5.0200,0.8313,0.3542,0.0410,0.7427,0.0000,0.1069,12.8830,1.9840
stop_go,clean,17,1.0000,2.0000,0.8800,22.5600,5.2000,0.3763,1.0000,0.0241,0.8285,0.0000,0.1060,12.5241,1.4166
stop_go,clean,18,1.0000,2.0000,0.0000,15.0400,5.0400,0.4667,0.7630,0.0289,0.8177,0.0000,0.0311,10.5425,1.5942
stop_go,clean,19,1.0000,2.2000,0.5600,19.6600,6.4000,0.4149,1.0000,0.0238,0.6226,0.0000,0.1213,11.6519,1.3181
stop_go,clean,20,1.0000,18.4000,1.4000,20.7200,6.1000,0.3049,1.0000,0.0279,0.7677,0.0000,0.1556,21.6704,1.9691
stop_go,clean,21,1.0000,2.4000,0.8800,17.4000,6.3600,1.3674,0.3746,0.0480,0.8429,0.0000,0.0762,9.0744,1.5679
stop_go,clean,22,1.0000,2.2000,0.0000,23.3800,6.1600,0.9385,0.3182,0.0665,0.8108,0.0000,0.1807,10.4126,1.9698
stop_go,clean,23,1.0000,2.2000,1.2200,20.3000,5.0200,0.3578,1.0000,0.0231,0.8429,0.0000,0.0849,13.3307,1.7397
stop_go,clean,24,1.0000,0.9000,0.0000,18.4800,5.0800,0.5331,0.6578,0.0300,0.8439,0.0000,0.0458,11.1567,1.6578
straight,degraded,0,1.0000,2.0000,0.0200,28.9000,6.1600,0.4393,0.9454,0.0313,0.8292,0.0000,0.1718,13.5706,1.9018
straight,degraded,1,1.0000,0.4000,0.0000,15.0400,5.0200,0.5558,0.5593,0.0447,0.8182,0.0000,0.0431,11.3231,1.7227
straight,degraded,2,1.0000,2.4000,0.0000,18.2000,5.0800,0.8565,0.2916,0.0328,0.7352,0.0000,0.1167,12.3177,1.8308
straight,degraded,3,1.0000,3.4000,0.0000,26.4800,6.1600,0.6086,0.5300,0.0428,0.8343,0.0000,0.1387,13.5574,1.9136
straight,degraded,4,1.0000,1.9000,0.0000,19.7400,6.6400,0.4946,0.7723,0.0393,0.8573,0.0000,0.0718,10.4221,1.6311
straight,degraded,5,1.0000,2.8000,0.6000,15.1200,5.0200,1.3319,0.3854,0.1593,0.8456,0.0000,0.0751,12.2511,1.6992
straight,degraded,6,1.0000,2.0000,3.4600,22.3600,5.0200,0.6417,0.6391,0.0424,0.8213,0.0000,0.0518,18.3740,1.4691
straight,degraded,7,1.0000,2.0000,2.2000,28.6200,6.1600,0.8654,0.4567,0.0443,0.8093,0.0000,0.2138,11.1947,1.8674
straight,degraded,8,1.0000,2.2000,0.0000,18.0600,6.6200,0.4377,0.9414,0.0317,0.8613,0.0000,0.0558,12.5600,1.6578
straight,degraded,9,1.0000,1.0000,0.0000,24.3200,6.6400,0.4998,0.7670,0.0351,0.8006,0.0000,0.1549,12.3583,1.5538
straight,degraded,10,1.0000,2.2000,1.8600,20.4600,5.0200,0.7779,0.4075,0.0454,0.9304,0.0000,0.0527,16.6944,1.7326
straight,degraded,11,1.0000,2.2000,0.1200,19.5800,6.6400,0.4403,0.8682,0.0296,0.8221,0.0000,0.1309,16.1646,1.6809
straight,degraded,12,1.0000,2.6000,0.3000,15.3400,6.3800,0.3591,1.0000,0.0284,0.7920,0.0000,0.0644,14.0425,1.4051
straight,degraded,13,1.0000,2.0000,1.2600,30.3600,6.6400,0.4053,1.0000,0.0329,0.7975,0.0000,0.2433,14.7031,1.7155
straight,degraded,14,1.0000,2.0000,0.6600,30.4200,6.1600,0.5968,0.5739,0.0482,0.8342,0.0000,0.1971,14.3489,1.8513
straight,degraded,15,1.0000,2.2000,0.4400,18.5400,5.0200,0.7821,0.5000,0.0628,0.7899,0.0000,0.0751,10.4618,1.7300
straight,degraded,16,1.0000,2.0000,0.0000,18.4600,5.0400,0.4293,0.7656,0.0307,0.8104,0.0000,0.0747,12.4901,1.7427
straight,degraded,17,1.0000,2.0000,0.9200,15.9600,5.4800,0.4525,0.8282,0.0321,0.8334,0.0000,0.0493,10.8965,1.4166
straight,degraded,18,1.0000,2.2000,0.0000,15.5200,5.0200,0.7121,0.3795,0.0338,0.7435,0.0000,0.1024,14.1023,1.9223
straight,degraded,19,1.0000,2.2000,0.6200,20.3800,5.0200,0.4827,0.7976,0.0332,0.6226,0.0000,0.0889,9.7158,1.7101
straight,degraded,20,1.0000,12.1000,0.0000,8.6800,5.9000,1.4028,0.0000,0.9794,0.7677,0.0000,0.0413,5.6986,1.5967
straight,degraded,21,1.0000,2.4000,0.6000,16.8200,6.1600,1.4728,0.4042,0.0722,0.8498,0.0000,0.1169,6.5927,1.9906
straight,degraded,22,1.0000,2.6000,0.0000,21.6200,6.1600,0.5998,0.5792,0.0487,0.8108,0.0000,0.1136,18.1734,2.0975
straight,degraded,23,1.0000,2.2000,1.3000,22.6000,6.6400,0.3814,1.0000,0.0330,0.8398,0.0000,0.1851,12.8256,1.7397
straight,degraded,24,1.0000,0.9000,0.0000,17.9600,5.2200,0.4900,0.7497,0.0427,0.8321,0.0000,0.0724,12.4274,1.6578
weave,degraded,0,1.0000,2.8000,0.0000,19.6800,6.6400,0.5007,0.7696,0.0652,0.8499,0.0000,0.1064,13.0245,1.6162
weave,degraded,1,1.0000,0.4000,0.0000,18.2600,5.2400,0.6173,0.5606,0.0644,0.8694,0.0000,0.0336,15.1945,1.7227
weave,degraded,2,1.0000,2.3000,0.0000,17.3000,5.1000,0.4388,0.7230,0.0629,0.8307,0.0000,0.0756,19.7837,1.5740
weave,degraded,3,1.0000,3.9000,5.9000,30.4000,6.1600,0.7797,0.5073,0.1293,0.8375,0.0000,0.2080,16.1929,2.0588
weave,degraded,4,1.0000,1.9000,5.7400,24.2000,5.0400,0.4621,0.8762,0.0601,0.8290,0.0000,0.0671,22.8408,1.7007
weave,degraded,5,1.0000,5.4000,4.6800,24.0400,5.0200,0.5352,0.6418,0.0632,0.8431,0.0000,0.0798,21.2479,1.9977
weave,degraded,6,1.0000,2.2000,0.0000,15.0400,5.0600,0.5597,0.6312,0.0636,0.8156,0.0000,0.0333,14.0172,1.4691
weave,degraded,7,1.0000,5.8000,8.6200,24.4800,5.2800,1.0102,0.3648,0.1312,0.8093,0.0000,0.1464,26.5675,2.0488
weave,degraded,8,1.0000,2.5000,0.0000,15.0400,7.3400,0.5454,0.7124,0.0698,0.8492,0.0000,0.0869,11.0814,1.6578
weave,degraded,9,1.0000,1.0000,0.0000,17.5200,5.1000,0.5617,0.6272,0.0581,0.8006,0.0000,0.0496,15.2899,1.5538
weave,degraded,10,1.0000,3.8000,2.1400,17.1800,6.3000,0.4985,0.8655,0.0593,0.8420,0.0000,0.0716,8.8464,1.7026
weave,degraded,11,1.0000,2.4000,0.6200,20.7800,5.0800,0.6004,0.5579,0.0924,0.8336,0.0000,0.0369,21.9813,1.6858
weave,degraded,12,1.0000,3.6000,0.0000,17.1400,5.5000,0.4898,0.9121,0.0594,0.8301,0.0000,0.0558,12.8663,1.4051
weave,degraded,13,1.0000,3.4000,0.0000,17.8000,5.3400,0.5088,0.7084,0.0699,0.7975,0.0000,0.1102,12.5068,1.7155
weave,degraded,14,1.0000,2.2000,0.0000,15.5200,5.0200,1.0104,0.2636,0.1530,0.7433,0.0000,0.1076,15.0518,1.6946
weave,degraded,15,1.0000,2.0000,0.2200,19.5600,6.6200,0.6322,0.4887,0.0819,0.8105,0.0000,0.0809,10.4687,1.7071
weave,degraded,16,1.0000,1.7000,0.0000,15.0400,7.5000,0.5404,0.6671,0.0670,0.8237,0.0000,0.0522,15.4279,1.6542
weave,degraded,17,1.0000,3.0000,0.0000,15.0600,6.4000,0.3104,0.9334,0.0546,0.8248,0.0000,0.0951,13.9098,1.4166
weave,degraded,18,1.0000,2.0000,0.0000,15.1800,6.5200,0.5256,0.6178,0.0787,0.8441,0.0000,0.0431,15.1469,1.5942
weave,degraded,19,1.0000,2.0000,0.1400,16.8000,5.0200,0.5674,0.6032,0.1096,0.6226,0.0000,0.0507,9.4009,1.4069
weave,degraded,20,1.0000,2.4000,0.9200,24.1400,6.1600,0.5469,0.5752,0.0579,0.7677,0.0000,0.1942,22.0552,1.9491
weave,degraded,21,1.0000,4.4000,0.9200,15.9600,5.1600,0.5260,0.5952,0.0686,0.8126,0.0000,0.0758,18.6232,2.1002
weave,degraded,22,1.0000,4.6000,3.9600,23.5800,5.0200,0.5073,0.6511,0.1047,0.8108,0.0000,0.1271,21.4579,2.0437
weave,degraded,23,1.0000,4.0000,0.0000,17.8000,5.3800,0.4081,0.9481,0.0598,0.8529,0.0000,0.1087,12.3178,1.7397
weave,degraded,24,1.0000,0.9000,6.1600,21.7400,5.0400,0.4858,1.0000,0.0490,0.8620,0.0000,0.0467,22.7771,2.0709
random_turns,degraded,0,1.0000,2.6000,0.0000,19.6800,6.1400,0.8815,0.0927,0.3304,0.8510,0.0000,0.1233,10.8730,1.9878
random_turns,degraded,1,1.0000,0.4000,0.0000,19.9000,5.9600,0.5136,0.5992,0.0514,0.8139,0.0000,0.1053,14.2488,1.7411
random_turns,degraded,2,1.0000,2.2000,0.4000,20.7400,5.0200,0.7180,0.4607,0.0939,0.8361,0.0000,0.0891,10.0227,1.8835
random_turns,degraded,3,1.0000,2.4000,1.2800,21.1400,5.1800,0.4450,1.0000,0.0349,0.8588,0.0000,0.0367,11.7864,1.6365
random_turns,degraded,4,1.0000,1.9000,2.7800,21.0400,5.0200,0.5660,0.5739,0.1132,0.8407,0.0000,0.1100,16.1405,2.0378
random_turns,degraded,5,1.0000,18.5000,1.2400,22.3600,6.1600,0.3252,0.9694,0.0384,0.8519,0.0000,0.1589,23.2810,2.1183
random_turns,degraded,6,1.0000,2.6000,0.0000,24.5200,6.1600,1.0106,0.4112,0.1643,0.8301,0.0000,0.1318,12.1013,2.0351
random_turns,degraded,7,1.0000,2.0000,2.2600,19.7400,5.4400,0.8271,0.4714,0.0913,0.8093,0.0000,0.1309,13.3797,1.7208
random_turns,degraded,8,1.0000,2.0000,0.0000,23.0400,6.1600,0.4063,0.8309,0.0415,0.8328,0.0000,0.1204,18.8924,1.7430
random_turns,degraded,9,1.0000,1.0000,0.0000,20.4600,6.1600,1.1028,0.2943,0.1187,0.8006,0.0000,0.1391,10.2509,2.0473
random_turns,degraded,10,1.0000,6.9000,0.0000,18.7600,5.5000,0.4395,1.0000,0.0403,0.8134,0.0000,0.0676,21.8868,1.7026
random_turns,degraded,11,1.0000,4.4000,1.1200,20.2000,6.6400,0.3209,1.0000,0.0405,0.8573,0.0000,0.0996,19.6757,2.0963
random_turns,degraded,12,1.0000,2.0000,1.3000,21.1600,6.1600,0.5660,0.7204,0.0701,0.8128,0.0000,0.0678,12.6735,1.7453
random_turns,degraded,13,1.0000,4.3000,1.9400,31.8800,6.1600,0.3818,0.9867,0.0545,0.7975,0.0000,0.2933,23.9967,1.9391
random_turns,degraded,14,1.0000,2.2000,0.0200,20.8400,6.1600,0.6586,0.5047,0.0533,0.7985,0.0000,0.1376,20.4197,1.7830
random_turns,degraded,15,1.0000,2.0000,3.3400,21.8800,5.6800,0.4976,0.5340,0.0649,0.8154,0.0000,0.1113,23.0830,1.7071
random_turns,degraded,16,1.0000,1.9000,0.0000,19.3400,6.1600,0.6165,0.4913,0.1122,0.7971,0.0000,0.1398,16.3913,1.7480
random_turns,degraded,17,1.0000,3.2000,0.0000,18.7400,5.8400,0.3650,1.0000,0.0467,0.8060,0.0000,0.0756,22.7055,2.0032
random_turns,degraded,18,1.0000,2.0000,0.0000,18.5600,5.1400,1.1116,0.4128,0.2206,0.8459,0.0000,0.0840,10.8312,2.0112
random_turns,degraded,19,1.0000,2.4000,0.7000,19.4200,6.5400,0.4738,0.7776,0.0810,0.6226,0.0000,0.0956,19.8371,1.8992
random_turns,degraded,20,1.0000,6.4000,1.0200,21.0000,5.9800,0.4523,0.8429,0.0555,0.7677,0.0000,0.1093,15.5688,1.8453
random_turns,degraded,21,1.0000,12.6000,1.7400,21.0600,5.0400,0.7340,0.1491,0.1001,0.8438,0.0000,0.0833,13.3994,1.5679
random_turns,degraded,22,1.0000,2.4000,0.0000,16.4000,5.2000,0.5386,0.6525,0.0453,0.8108,0.0000,0.0760,11.2968,1.6511
random_turns,degraded,23,1.0000,2.6000,4.4000,24.7400,6.6400,0.2960,0.9348,0.0379,0.8573,0.0000,0.2407,20.4432,1.9152
random_turns,degraded,24,1.0000,0.9000,0.0000,19.8000,5.4400,0.5471,0.6551,0.0558,0.8216,0.0000,0.0918,19.3589,1.7242
stop_go,degraded,0,1.0000,2.0000,0.0200,17.0600,5.0400,0.4199,1.0000,0.0406,0.8281,0.0000,0.0247,13.2396,1.6162
stop_go,degraded,1,1.0000,0.4000,0.0000,15.0400,5.0200,0.6165,0.4780,0.0579,0.8182,0.0000,0.0427,9.5700,1.7227
stop_go,degraded,2,1.0000,2.4000,0.0000,15.0400,5.3400,0.8947,0.3249,0.0931,0.7352,0.0000,0.1044,13.1040,2.0164
stop_go,degraded,3,1.0000,3.4000,0.0000,15.0400,5.0400,0.5573,0.7177,0.0543,0.8440,0.0000,0.0427,11.9567,1.3920
stop_go,degraded,4,1.0000,1.9000,0.0000,16.9800,5.1400,0.5691,0.6418,0.0472,0.8742,0.0000,0.0122,10.0054,1.6311
stop_go,degraded,5,1.0000,2.8000,0.6000,16.3000,6.1600,1.5961,0.3915,0.2028,0.8382,0.0000,0.1193,8.0419,1.7375
stop_go,degraded,6,1.0000,2.0000,3.4600,21.7600,5.0600,0.7063,0.5193,0.0745,0.8220,0.0000,0.1200,15.6314,1.4691
stop_go,degraded,7,1.0000,2.0000,2.2000,25.2800,5.2000,0.6052,0.5193,0.0544,0.8093,0.0000,0.1484,21.0756,1.5999
stop_go,degraded,8,1.0000,2.2000,0.0000,15.4000,5.0600,0.5192,0.8003,0.0408,0.8577,0.0000,0.0378,11.9224,1.6578
stop_go,degraded,9,1.0000,1.0000,0.0000,17.0400,5.6000,0.5628,0.6019,0.0560,0.8006,0.0000,0.0622,11.3179,1.5538
stop_go,degraded,10,1.0000,2.2000,1.8600,21.1600,6.3400,0.7226,0.3595,0.0950,0.8659,0.0000,0.0616,19.2042,1.7414
stop_go,degraded,11,1.0000,2.2000,0.1200,18.9800,5.0200,0.4860,0.8016,0.0461,0.8236,0.0000,0.0636,17.7377,1.6809
stop_go,degraded,12,1.0000,2.6000,0.3000,19.2000,5.0200,0.3909,0.9055,0.0431,0.8239,0.0000,0.0291,15.2032,1.4051
stop_go,degraded,13,1.0000,2.0000,1.2600,19.1200,5.0200,0.3822,1.0000,0.0441,0.7975,0.0000,0.0756,14.7765,1.7155
stop_go,degraded,14,1.0000,2.0000,0.6600,28.2200,6.1600,0.5698,0.6738,0.0698,0.8415,0.0000,0.1838,14.0268,2.0443
stop_go,degraded,15,1.0000,2.2000,0.4400,16.5400,5.0200,0.9634,0.4008,0.1173,0.8240,0.0000,0.0880,8.4209,1.7071
stop_go,degraded,16,1.0000,2.0000,0.0000,15.3000,5.0600,0.4838,0.7577,0.0350,0.8287,0.0000,0.0404,12.5333,1.6633
stop_go,degraded,17,1.0000,2.0000,0.9200,22.2400,5.2000,0.3806,1.0000,0.0503,0.8307,0.0000,0.1031,13.4018,1.4166
stop_go,degraded,18,1.0000,2.2000,0.0000,19.3000,5.0800,0.7310,0.3369,0.0438,0.7435,0.0000,0.0873,16.1128,2.0515
stop_go,degraded,19,1.0000,2.2000,0.6200,19.3400,6.4000,0.4363,1.0000,0.0445,0.6226,0.0000,0.1144,11.8505,1.2797
stop_go,degraded,20,1.0000,18.4000,1.4200,21.2200,6.1600,0.3592,0.8642,0.0623,0.7677,0.0000,0.1964,19.7661,1.9684
stop_go,degraded,21,1.0000,2.4000,0.6000,19.0800,5.0600,1.3615,0.3896,0.0937,0.8500,0.0000,0.0758,11.2563,2.0499
stop_go,degraded,22,1.0000,2.6000,0.0000,23.7400,6.1600,1.0173,0.2850,0.0925,0.8108,0.0000,0.1849,9.9078,1.8452
stop_go,degraded,23,1.0000,2.2000,1.3000,20.2800,5.0400,0.3704,1.0000,0.0490,0.8397,0.0000,0.0867,14.9810,1.7397
stop_go,degraded,24,1.0000,0.9000,0.0000,18.5600,5.1200,0.5447,0.6578,0.0470,0.8432,0.0000,0.0487,10.3454,1.6578
